File,length,width
pri/input/water2.jpg,500,353
pri/input/water2.jpg,500,353
pri/input/fire.jpg,500,353
pri/input/fire.jpg,500,353
pri/input/fire.jpg,500,353
pri/input/fire.jpg,500,353
pri/input/fire.jpg,500,353
pri/input/fire.jpg,500,353
2022-10-10 08:16:40.033028,pri/input/fire.jpg,500,353
2022-10-10 08:18:59.274176,pri/input/water2.jpg,500,353
2022-10-10 08:27:32.251888,scanner_detect/input/water2.jpg,500,353
2022-10-10 19:42:40.985917,scanner_detect/input/water2.jpg,500,353
2022-10-10 19:45:09.146595,scanner_detect/input/water2.jpg,500,353
2022-10-10 20:01:44.230660,scanner_detect/input/water2.jpg,500,353
2022-10-10 20:02:15.558860,scanner_detect/input/water2.jpg,500,353
2022-10-10 20:02:33.184920,scanner_detect/input/water2.jpg,500,353
2022-10-10 20:03:06.529472,scanner_detect/input/water2.jpg,500,353
2022-10-10 20:11:32.772846,scanner_detect/input/water2.jpg,500,353
2022-10-10 20:12:54.570778,scanner_detect/input/fire.jpg,500,353
2022-10-10 20:13:41.528675,scanner_detect/input/back.jpg,500,384
2022-10-10 20:47:16.065542,scanner_detect/input/back.jpg,500,384
